{
  "formatVersion": 1,
  "database": {
    "version": 1,
    "identityHash": "460374a7206e0318655e11f55c685ac6",
    "entities": [
      {
        "tableName": "User_table",
        "createSql": "CREATE TABLE IF NOT EXISTS `${TABLE_NAME}` (`mLogId` INTEGER PRIMARY KEY AUTOINCREMENT NOT NULL, `mUsername` TEXT, `mPassword` TEXT, `mAdminStatus` INTEGER NOT NULL)",
        "fields": [
          {
            "fieldPath": "mLogId",
            "columnName": "mLogId",
            "affinity": "INTEGER",
            "notNull": true
          },
          {
            "fieldPath": "mUsername",
            "columnName": "mUsername",
            "affinity": "TEXT",
            "notNull": false
          },
          {
            "fieldPath": "mPassword",
            "columnName": "mPassword",
            "affinity": "TEXT",
            "notNull": false
          },
          {
            "fieldPath": "mAdminStatus",
            "columnName": "mAdminStatus",
            "affinity": "INTEGER",
            "notNull": true
          }
        ],
        "primaryKey": {
          "columnNames": [
            "mLogId"
          ],
          "autoGenerate": true
        },
        "indices": [],
        "foreignKeys": []
      }
    ],
    "views": [],
    "setupQueries": [
      "CREATE TABLE IF NOT EXISTS room_master_table (id INTEGER PRIMARY KEY,identity_hash TEXT)",
      "INSERT OR REPLACE INTO room_master_table (id,identity_hash) VALUES(42, '460374a7206e0318655e11f55c685ac6')"
    ]
  }
}